,Unnamed: 0.1,Unnamed: 0,REF_PERSONNE,RAISON_SOCIALE,MATRICULE_FISCALE,VILLE,LIB_GOUVERNORAT,LIB_SECTEUR_ACTIVITE,LIB_ACTIVITE,VILLE_GOUVERNORAT,TYPE_PERSONNE,NOM_PRENOM,DATE_NAISSANCE,CODE_SEXE,SITUATION_FAMILIALE,NUM_PIECE_IDENTITE,LIB_PROFESSION,AGE,contracts_count,branches_set,products_set,total_paid,active_contracts,expired_contracts,reduced_contracts,instance_contracts,terminated_contracts,suspended_contracts,claims_count
0,0,0,12122,SOCIETE_000001,0000001W,-,-,SERVICES PERSONNELS,ACTIVITÉS THERMALES ET DE THALASSOTHÉRAPIE,-,MORALE,-,-,-,-,-,-,,1.0,['AUTOMOBILE'],['AUTOMOBILE'],5106.2975,0.0,0.0,0.0,0.0,1.0,0.0,1.0
1,1,1,12145,SOCIETE_000002,0000002H,-,-,TRAVAIL DU BOIS ET FABRICATION D ARTICLES EN BOIS,FABRICATION D EMBALLAGES EN BOIS,-,MORALE,-,-,-,-,-,-,,1.0,['AUTOMOBILE'],['AUTOMOBILE'],1478.5,0.0,0.0,0.0,0.0,1.0,0.0,0.0
2,2,2,12169,SOCIETE_000003,0000003M,-,-,INTERMÉDIATION FINANCIÈRE,CRÉDIT BAIL,-,MORALE,-,-,-,-,-,-,,19.0,"['ENGINEERING', 'RISQUES DIVERS', 'AUTOMOBILE']","['AUTOMOBILE II', 'RC ENTREPRISE DE BATIMENT ET TRAVAUX PUBLIC', 'TOUS RISQUES CHANTIER', 'AUTOMOBILE']",4144.454037.45451.1531.1501.1484.1446.1446.11500432.1250411.94300426.794460.646530.515105.902508.7371808.63,0.0,15.0,0.0,0.0,4.0,0.0,6.0
3,3,3,12431,SOCIETE_000004,0000004J,SFAX,-,CONSTRUCTION,INSTALLATION D EAU ET DE GAZ,SFAX -,MORALE,-,-,-,-,-,-,,47.0,"['RISQUES DIVERS', 'AUTOMOBILE']","['AUTOMOBILE II', 'RC ENTREPRISE DE BATIMENT ET TRAVAUX PUBLIC', 'AUTOMOBILE']",302.5302.5337.92354.212276.9395.57411.6401.6485.412503.892332.9411.6431.1381.6401.6332.9431.1381.6344.9790.06339.32339.32762.98339.32335.57335.57319.07319.07319.07319.07319.07315.57315.57315.57315.57315.57315.57315.57337.12297.013297.013315.57315.57315.57315.57315.574000,0.0,46.0,0.0,0.0,1.0,0.0,4.0
4,4,4,12711,SOCIETE_000005,0000005F,SFAX,-,TRAVAIL DU BOIS ET FABRICATION D ARTICLES EN BOIS,FABRICATION D EMBALLAGES EN BOIS,SFAX  -,MORALE,-,-,-,-,-,-,,11.0,['AUTOMOBILE'],"['AUTOMOBILE II', 'AUTOMOBILE']",319.1303.1399.6361.6411.6411.6392.6368.6351.44348.44792.698,0.0,10.0,0.0,0.0,1.0,0.0,2.0
5,5,5,13028,SOCIETE_000006,0000006A,-,-,INDUSTRIES ALIMENTAIRES,"BISCOTTERIE, BISCUITERIE, PÂTISSERIE DE CONSERVATION",-,MORALE,-,-,-,-,-,-,,2.0,['AUTOMOBILE'],['AUTOMOBILE'],303.1985.7,0.0,1.0,0.0,0.0,1.0,0.0,0.0
6,6,6,13587,SOCIETE_000007,0000007B,TUNIS BELVEDERE,-,SERVICES PERSONNELS,BLANCHISSERIE TEINTURERIE DE DÉTAIL,TUNIS BELVEDERE -,MORALE,-,-,-,-,-,-,,37.0,['AUTOMOBILE'],"['AUTOMOBILE II', 'AUTOMOBILE']",295.6311.6311.6311.6311.6401.6371.6391.6371.6391.6391.6401.6391.6371.6391.6391.6289.1401.6403.6383.6403.61324.731403.6383.6433.6453.6419.6403.6419.6419.6403.6419.63526.9623526.962436.6434.6436.6,0.0,32.0,0.0,0.0,5.0,0.0,4.0
7,7,7,13718,SOCIETE_000008,0000008L,BARDO (LE),-,AUTRES INDUSTRIES EXTRACTIVES,"EXTRACTION DE CALCAIRE INDUSTRIEL, DE GYPSE ET DE CRAIE",BARDO (LE) -,MORALE,-,-,-,-,-,-,,6.0,"['RISQUES DIVERS', 'AUTOMOBILE']","['INDIVIDUELLE ACCIDENTS', 'AUTOMOBILE']",10477.66753.76753.7625771.76,0.0,6.0,0.0,0.0,0.0,0.0,2.0
8,8,8,1183,SOCIETE_000009,0000009V,-,-,AUCUN,NON DEFINI,-,MORALE,-,-,-,-,-,-,,13.0,"['TRANSPORT', 'AUTOMOBILE']","['POLICE ABONNEMENT(FACULTE TERRESTRE)', 'AUTOMOBILE']",3702.5732.229732.2291206.744599.7934285.064599.7934285.064599.7934285.064285.064599.7935200,1.0,1.0,0.0,0.0,11.0,0.0,8.0
9,9,9,6431,SOCIETE_000010,0000010P,-,-,INTERMÉDIATION FINANCIÈRE,BANQUES,-,MORALE,-,-,-,-,-,-,,0.0,[],[],0,0.0,,,,0.0,0.0,0.0
10,10,10,6958,SOCIETE_000011,0000011Z,TUNIS BELVEDERE,-,COMMERCE ET RÉPARATION AUTOMOBILE,COMMERCE DE GROS D ÉQUIPEMENTS AUTOMOBILES,TUNIS BELVEDERE -,MORALE,-,-,-,-,-,-,,5.0,['AUTOMOBILE'],['AUTOMOBILE'],35726265252,0.0,4.0,0.0,0.0,1.0,0.0,1.0
11,11,11,12068,SOCIETE_000012,0000012R,-,-,SERVICES PERSONNELS,AUTRES SERVICES PERSONNELS,-,MORALE,-,-,-,-,-,-,,1.0,['AUTOMOBILE'],['AUTOMOBILE II'],7604.18,1.0,0.0,0.0,0.0,0.0,0.0,6.0
12,12,12,16091,SOCIETE_000013,0000013X,-,-,SANTÉ ET ACTION SOCIALE,PRATIQUE MÉDICALE,-,MORALE,-,-,-,-,-,-,,9.0,['AUTOMOBILE'],"['AUTOMOBILE II', 'AUTOMOBILE']",5920.125920.122987.211819.941819.948884.61111703.91816443.72814000.468,2.0,0.0,0.0,0.0,7.0,0.0,13.0
13,13,13,16167,SOCIETE_000014,0000014D,,-,HÔTELS ET RESTAURANTS,RESTAURATION DE TYPE RAPIDE,-,MORALE,-,-,-,-,-,-,,1.0,['AUTOMOBILE'],['AUTOMOBILE'],3330.445,0.0,0.0,0.0,0.0,1.0,0.0,0.0
14,14,14,16575,SOCIETE_000015,0000015R,RAS JEBEL,-,"AGRICULTURE, CHASSE, SERVICES ANNEXES",CULTURE DE CÉRÉALES ; CULTURES INDUSTRIELLES,RAS JEBEL  -,MORALE,-,-,-,-,-,-,,0.0,[],[],0,0.0,,,,0.0,0.0,0.0
15,15,15,17177,SOCIETE_000016,0000016K,CITE EL GHAZALA,-,INDUSTRIE CHIMIQUE,FABRICATION D AUTRES PRODUITS PHARMACEUTIQUES,CITE EL GHAZALA -,MORALE,-,-,-,-,-,-,,2.0,"['RISQUES DIVERS', 'AUTOMOBILE']","['INDIVIDUELLE ACCIDENTS', 'AUTOMOBILE']",6451.64200,0.0,0.0,0.0,0.0,2.0,0.0,2.0
16,16,16,18312,SOCIETE_000017,0000017J,-,-,CONSTRUCTION,CONSTRUCTION DE BÂTIMENTS DIVERS,-,MORALE,-,-,-,-,-,-,,74.0,"['RISQUES DIVERS', 'AUTOMOBILE']","['AUTOMOBILE II', 'INDIVIDUELLE ACCIDENTS ASSOCIE AU CONTRAT AUTO', 'INDIVIDUELLE ACCIDENTS', 'AUTOMOBILE']",398.07518.58398.07295.6371.6582.28525.57351.6351.6525.57525.57351.6351.6808080107.8460.640.00140.00140.001531.57531.57363.650363.650422.920.08531.5723.637531.5723.637397.9230363.630.001390.8422.57404.0133030358.9230307.4447.475330.84384.013384.0132020385.426.1337.44492.3758.08742.98384.01320415.72320.28492.3758.08742.98362.144704.202695.922362.144276.496355.438368.334449.92449.923124.398,0.0,73.0,0.0,0.0,1.0,0.0,10.0
17,17,17,20296,SOCIETE_000018,0000018Q,-,-,COMMERCE DE DÉTAIL ET RÉPARATION D ARTICLES DOMESTIQUES,AUTRES COMMERCES DE DÉTAIL EN MAGASIN NON SPÉCIALISÉ,-,MORALE,-,-,-,-,-,-,,1.0,['AUTOMOBILE'],['AUTOMOBILE'],4502.6,0.0,0.0,0.0,0.0,1.0,0.0,1.0
18,18,18,20452,SOCIETE_000019,0000019Q,SFAX,-,INDUSTRIE CHIMIQUE,FABRICATION D AUTRES PRODUITS CHIMIQUES INORGANIQUES DE BASE,SFAX  -,MORALE,-,-,-,-,-,-,,1.0,['AUTOMOBILE'],['AUTOMOBILE'],4388.438,0.0,0.0,0.0,0.0,1.0,0.0,1.0
19,19,19,21247,SOCIETE_000020,0000020U,,-,INDUSTRIES ALIMENTAIRES,FABRICATION D ALIMENTS ADAPTÉS À L ENFANT ET DIÉTÉTIQUES,-,MORALE,-,-,-,-,-,-,,1.0,['AUTOMOBILE'],['AUTOMOBILE'],303.1,0.0,1.0,0.0,0.0,0.0,0.0,0.0
20,20,20,21619,SOCIETE_000021,0000021P,-,-,TRANSPORTS TERRESTRES,TRANSPORT DE VOYAGEURS PAR TAXIS,-,MORALE,-,-,-,-,-,-,,4.0,['AUTOMOBILE'],['AUTOMOBILE'],1279.51279.516411890.65,0.0,4.0,0.0,0.0,0.0,0.0,0.0
21,21,21,24975,SOCIETE_000022,0000022F,KALAA EL KEBIRA,-,INDUSTRIES ALIMENTAIRES,AUTRES ACTIVITÉS DE TRAVAIL DES GRAINS,KALAA EL KEBIRA -,MORALE,-,-,-,-,-,-,,2.0,['AUTOMOBILE'],['AUTOMOBILE'],3461.6023205.92,0.0,0.0,0.0,0.0,2.0,0.0,1.0
22,22,22,26235,SOCIETE_000023,0000023U,TUNIS RP,-,INDUSTRIES ALIMENTAIRES,FABRICATION DE LAIT LIQUIDE ET DE PRODUITS FRAIS,TUNIS RP -,MORALE,-,-,-,-,-,-,,3.0,"['INCENDIE', 'AUTOMOBILE']","['INCENDIE COMMERCIAL / LEASING', 'AUTOMOBILE']",2266.472828.761437.285,0.0,0.0,0.0,0.0,3.0,0.0,2.0
23,23,23,26461,SOCIETE_000024,0000024T,-,-,INDUSTRIE DE L HABILLEMENT ET DES FOURRURES,FABRICATION D AUTRES VÊTEMENTS ET ACCESSOIRES,-,MORALE,-,-,-,-,-,-,,1.0,['AUTOMOBILE'],['AUTOMOBILE'],303.1,0.0,1.0,0.0,0.0,0.0,0.0,2.0
24,24,24,26572,SOCIETE_000025,0000025R,ZAGHOUAN,-,"AGRICULTURE, CHASSE, SERVICES ANNEXES",CULTURE DE CÉRÉALES ; CULTURES INDUSTRIELLES,ZAGHOUAN -,MORALE,-,-,-,-,-,-,,3.0,['AUTOMOBILE'],['AUTOMOBILE'],441.12470.9525401.1,0.0,2.0,0.0,0.0,1.0,0.0,1.0
25,25,25,26680,SOCIETE_000026,0000026X,,-,INDUSTRIES ALIMENTAIRES,AUTRES ACTIVITÉS DE TRAVAIL DES GRAINS,-,MORALE,-,-,-,-,-,-,,11.0,['AUTOMOBILE'],['AUTOMOBILE'],688.64630.76688.64762.98777.86575.571976.112955.15777.86762.98661.6,0.0,11.0,0.0,0.0,0.0,0.0,1.0
26,26,26,27240,SOCIETE_000027,0000027Q,-,-,"AGRICULTURE, CHASSE, SERVICES ANNEXES",HORTICULTURE ; PÉPINIÈRES,-,MORALE,-,-,-,-,-,-,,0.0,[],[],0,0.0,,,,0.0,0.0,0.0
27,27,27,27295,SOCIETE_000028,0000028J,-,-,"AGRICULTURE, CHASSE, SERVICES ANNEXES","ÉLEVAGE D OVINS, CAPRINS ET ÉQUIDÉS",-,MORALE,-,-,-,-,-,-,,2.0,['AUTOMOBILE'],['AUTOMOBILE'],471.6471.6,0.0,2.0,0.0,0.0,0.0,0.0,3.0
28,28,28,27871,SOCIETE_000029,0000029R,-,-,RECHERCHE ET DÉVELOPPEMENT,RECHERCHE DÉVELOPPEMENT EN SCIENCES HUMAINES ET SOCIALES,-,MORALE,-,-,-,-,-,-,,1.0,['AUTOMOBILE'],['AUTOMOBILE'],351.6,0.0,1.0,0.0,0.0,0.0,0.0,1.0
29,29,29,28080,SOCIETE_000030,0000030J,-,-,INDUSTRIE TEXTILE,ENNOBLISSEMENT TEXTILE,-,MORALE,-,-,-,-,-,-,,5.0,['AUTOMOBILE'],['AUTOMOBILE'],351.6351.6351.6363.6332.6,0.0,5.0,0.0,0.0,0.0,0.0,0.0
30,30,30,28088,SOCIETE_000031,0000031Q,-,-,"AGRICULTURE, CHASSE, SERVICES ANNEXES",CHASSE,-,MORALE,-,-,-,-,-,-,,1.0,['AUTOMOBILE'],['AUTOMOBILE'],3714.31,0.0,0.0,0.0,0.0,1.0,0.0,1.0
31,31,31,29893,SOCIETE_000032,0000032O,-,-,CONSTRUCTION,CONSTRUCTION DE MAISONS INDIVIDUELLES,-,MORALE,-,-,-,-,-,-,,3.0,['AUTOMOBILE'],['AUTOMOBILE'],391.6391.6294.3,0.0,2.0,0.0,0.0,1.0,0.0,1.0
32,32,32,30029,SOCIETE_000033,0000033M,MONTPLAISR,-,FABRICATION D AUTRES PRODUITS MINÉRAUX NON MÉTALLIQUES,FABRICATION D APPAREILS SANITAIRES EN CÉRAMIQUE,MONTPLAISR -,MORALE,-,-,-,-,-,-,,4.0,"['TRANSPORT', 'INCENDIE', 'AUTOMOBILE']","['MULTIRISQUES PROFESSIONNELLES CENTRALISE', 'AUTOMOBILE', 'POLICE AU VOYAGE(FACULTE MARITIME)']",1674.07227.3041570.210728.712,0.0,1.0,0.0,0.0,3.0,0.0,3.0
33,33,33,30702,SOCIETE_000034,0000034H,-,-,COMMERCE DE GROS ET INTERMÉDIAIRES DU COMMERCE,AUTRES COMMERCES DE GROS,-,MORALE,-,-,-,-,-,-,,11.0,['AUTOMOBILE'],"['AUTOMOBILE II', 'AUTOMOBILE']",485.34644.645051.354363.44346.28346.282495.2361.28703.6845030.8172710.685,0.0,7.0,0.0,0.0,4.0,0.0,2.0
34,34,34,41528,SOCIETE_000035,0000035Z,,-,COMMERCE DE GROS ET INTERMÉDIAIRES DU COMMERCE,AUTRES COMMERCES DE GROS,-,MORALE,-,-,-,-,-,-,,3.0,['AUTOMOBILE'],['AUTOMOBILE'],387.6413.92448.92,0.0,3.0,0.0,0.0,0.0,0.0,1.0
35,35,35,42419,SOCIETE_000036,0000036Z,-,-,COMMERCE DE GROS ET INTERMÉDIAIRES DU COMMERCE,AUTRES COMMERCES DE GROS DE BIENS DE CONSOMMATION,-,MORALE,-,-,-,-,-,-,,2.0,['AUTOMOBILE'],['AUTOMOBILE'],644.64351.6,0.0,2.0,0.0,0.0,0.0,0.0,0.0
36,36,36,42635,SOCIETE_000037,0000037M,-,-,COMMERCE DE DÉTAIL ET RÉPARATION D ARTICLES DOMESTIQUES,AUTRES COMMERCES DE DÉTAIL EN MAGASIN NON SPÉCIALISÉ,-,MORALE,-,-,-,-,-,-,,4.0,['AUTOMOBILE'],['AUTOMOBILE'],431.6449.6442.63040.135,0.0,3.0,0.0,0.0,1.0,0.0,4.0
37,37,37,42948,SOCIETE_000038,0000038B,-,-,"ACTIVITÉS RÉCRÉATIVES, CULTURELLES ET SPORTIVES",AUTRES SPECTACLES,-,MORALE,-,-,-,-,-,-,,5.0,"['RISQUES DIVERS', 'AUTOMOBILE']","['AUTOMOBILE II', 'INDIVIDUELLE ACCIDENTS', 'AUTOMOBILE']",1582.9031582.90329376.37255993.9163200,0.0,0.0,0.0,0.0,5.0,0.0,4.0
38,38,38,43249,SOCIETE_000039,0000039K,-,-,"AGRICULTURE, CHASSE, SERVICES ANNEXES",CULTURE DE CÉRÉALES ; CULTURES INDUSTRIELLES,-,MORALE,-,-,-,-,-,-,,2.0,['AUTOMOBILE'],['AUTOMOBILE II'],11810.09115167.001,0.0,0.0,0.0,0.0,2.0,0.0,6.0
39,39,39,44180,SOCIETE_000040,0000040G,ARIANA,-,"SYLVICULTURE, EXPLOITATION FORESTIÈRE, SERVICES ANNEXES",EXPLOITATION FORESTIÈRE,ARIANA -,MORALE,-,-,-,-,-,-,,0.0,[],[],0,0.0,,,,0.0,0.0,0.0
40,40,40,44350,SOCIETE_000041,0000041Y,-,-,CONSTRUCTION,TRAVAUX DE FINITION N.C.A.,-,MORALE,-,-,-,-,-,-,,1.0,['AUTOMOBILE'],['AUTOMOBILE'],781.85,0.0,1.0,0.0,0.0,0.0,0.0,0.0
41,41,41,44849,SOCIETE_000042,0000042C,-,-,COMMERCE DE GROS ET INTERMÉDIAIRES DU COMMERCE,AUTRES COMMERCES DE GROS DE BIENS DE CONSOMMATION,-,MORALE,-,-,-,-,-,-,,18.0,"['RISQUES DIVERS', 'INCENDIE', 'AUTOMOBILE']","['AUTOMOBILE II', 'ASSISTANCES EN VOYAGES - PLAN BASIQUE', 'AUTOMOBILE', 'MULTIRISQUES PROFESSIONNELLES CENTRALISE']",503.6387.1483.6478.92362.6478.9220.720.7466.416.516.516.5446.4241398.8857629.01671617.875873.96,0.0,13.0,0.0,0.0,5.0,0.0,16.0
42,42,42,45648,SOCIETE_000043,0000043A,SIDI BOULBABA GABES,-,INTERMÉDIATION FINANCIÈRE,BANQUES,SIDI BOULBABA GABES -,MORALE,-,-,-,-,-,-,,0.0,[],[],0,0.0,,,,0.0,0.0,0.0
43,43,43,46513,SOCIETE_000044,0000044O,-,-,COMMERCE DE GROS ET INTERMÉDIAIRES DU COMMERCE,COMMERCE DE GROS DE MATÉRIEL ÉLECTRIQUE ET ÉLECTRONIQUE,-,MORALE,-,-,-,-,-,-,,0.0,[],[],0,0.0,,,,0.0,0.0,0.0
44,44,44,47143,SOCIETE_000045,0000045M,-,-,INDUSTRIES ALIMENTAIRES,PRODUCTION D AUTRES BOISSONS FERMENTÉES,-,MORALE,-,-,-,-,-,-,,1.0,['AUTOMOBILE'],['AUTOMOBILE'],391.6,0.0,1.0,0.0,0.0,0.0,0.0,0.0
45,45,45,47607,SOCIETE_000046,0000046Q,-,-,ASSURANCE,ASSURANCE VIE ET CAPITALISATION,-,MORALE,-,-,-,-,-,-,,1.0,['TRANSPORT'],['POLICE AU VOYAGE(FACULTE MARITIME)'],45.828,0.0,1.0,0.0,0.0,0.0,0.0,0.0
46,46,46,33533,SOCIETE_000047,0000047A,,-,"EXTRACTION DE HOUILLE, DE LIGNITE ET DE TOURBES",EXTRACTION ET AGGLOMÉRATION DE LA HOUILLE,-,MORALE,-,-,-,-,-,-,,2.0,['AUTOMOBILE'],['AUTOMOBILE'],7272,0.0,2.0,0.0,0.0,0.0,0.0,1.0
47,47,47,33850,SOCIETE_000048,0000048K,,-,INDUSTRIE DU PAPIER ET DU CARTON,FABRICATION D ARTICLES DE PAPETERIE,-,MORALE,-,-,-,-,-,-,,13.0,['AUTOMOBILE'],['AUTOMOBILE'],686.256636.256636.256636.256636.256636.256636.256636.256636.256679.802679.802679.802679.802,0.0,13.0,0.0,0.0,0.0,0.0,10.0
48,48,48,34123,SOCIETE_000049,0000049S,-,-,"PÊCHE, AQUACULTURE",PÊCHE,-,MORALE,-,-,-,-,-,-,,6.0,['AUTOMOBILE'],['AUTOMOBILE'],4448.884448.88967.34463.81605.95967.3,0.0,6.0,0.0,0.0,0.0,0.0,0.0
49,49,49,35568,SOCIETE_000050,0000050B,TUNIS,-,ADMINISTRATION PUBLIQUE,DÉFENSE,TUNIS -,MORALE,-,-,-,-,-,-,,2.0,['AUTOMOBILE'],['AUTOMOBILE'],7252,0.0,2.0,0.0,0.0,0.0,0.0,0.0
50,50,50,35719,SOCIETE_000051,0000051M,KALAA SEGHIRA,-,INDUSTRIE TEXTILE,FABRICATION DE LINGE DE MAISON ET D ARTICLES D AMEUBLEMENT,KALAA SEGHIRA -,MORALE,-,-,-,-,-,-,,3.0,"['INCENDIE', 'AUTOMOBILE']","['AUTOMOBILE', 'INCENDIE RISQUES SIMPLE CENTRALISE']",332.9122360.9,0.0,3.0,0.0,0.0,0.0,0.0,1.0
51,51,51,55601,SOCIETE_000052,0000052S,TUNIS RP,-,AGENCES ET BUREAUX,AGENCES ET BUREAUX,TUNIS RP -,MORALE,-,-,-,-,-,-,,8.0,"['RISQUES DIVERS', 'AUTOMOBILE']","['AUTOMOBILE II', 'INDIVIDUELLE ACCIDENTS', 'AUTOMOBILE']",1348.24014401116.651048.961519.51395.751395.75,0.0,8.0,0.0,0.0,0.0,0.0,0.0
52,52,52,61328,SOCIETE_000053,0000053R,-,-,ACTIVITES IARD TARIFIABLES,QUINCAILLERIES (COMMERCE),-,MORALE,-,-,-,-,-,-,,13.0,"['RISQUES DIVERS', 'INCENDIE', 'AUTOMOBILE']","['AUTOMOBILE II', 'INDIVIDUELLE ACCIDENTS', 'AUTOMOBILE', 'INCENDIE RISQUES SIMPLE CENTRALISE']",40.108383.630378.4430388.4420388.4420785.624347.378430.9430.9,0.0,12.0,0.0,0.0,1.0,0.0,3.0
53,53,53,62329,SOCIETE_000054,0000054V,-,-,COMMERCE DE GROS ET INTERMÉDIAIRES DU COMMERCE,INTERMÉDIAIRE DU COMMERCE EN BOIS ET MATÉRIAUX DE CONSTRUCTION,-,MORALE,-,-,-,-,-,-,,1.0,['RISQUES DIVERS'],['INDIVIDUELLE ACCIDENTS'],9460.917,0.0,0.0,0.0,0.0,1.0,0.0,0.0
54,54,54,62472,SOCIETE_000055,0000055U,-,-,"ACTIVITÉS RÉCRÉATIVES, CULTURELLES ET SPORTIVES",AUTRES ACTIVITÉS SPORTIVES,-,MORALE,-,-,-,-,-,-,,1.0,['RISQUES DIVERS'],['R.C  ETABLISSEMENT  EDUCATION PHYSIQUE ET SPORTIVES'],760,0.0,1.0,0.0,0.0,0.0,0.0,2.0
55,55,55,62563,SOCIETE_000056,0000056G,EL MENZAH 8,-,INDUSTRIES ALIMENTAIRES,INDUSTRIES ALIMENTAIRES N.C.A.,EL MENZAH 8 -,MORALE,-,-,-,-,-,-,,0.0,[],[],0,0.0,,,,0.0,0.0,0.0
56,56,56,62768,SOCIETE_000057,0000057P,-,-,INDUSTRIE TEXTILE,INDUSTRIES TEXTILES N.C.A.,-,MORALE,-,-,-,-,-,-,,1.0,['AUTOMOBILE'],['AUTOMOBILE'],324.6,0.0,1.0,0.0,0.0,0.0,0.0,0.0
57,57,57,63269,SOCIETE_000058,0000058B,-,-,"EXTRACTION DE HOUILLE, DE LIGNITE ET DE TOURBES",EXTRACTION ET AGGLOMÉRATION DE LA HOUILLE,-,MORALE,-,-,-,-,-,-,,1.0,['INCENDIE'],['INCENDIE RISQUES SIMPLE CENTRALISE'],300,0.0,0.0,0.0,0.0,1.0,0.0,0.0
58,58,58,64933,SOCIETE_000059,0000059P,-,-,POSTES ET TÉLÉCOMMUNICATIONS,TÉLÉCOMMUNICATIONS NATIONALES,-,MORALE,-,-,-,-,-,-,,17.0,"['RISQUES DIVERS', 'INCENDIE', 'AUTOMOBILE']","['AUTOMOBILE', 'AUTOMOBILE II', 'ASSISTANCES EN VOYAGES - PLAN BASIQUE', 'MULTIRISQUES PROFESSIONNELLES CENTRALISE']",13.51213.513.53693.55113.513.536743654.220.74006.2241212380816285.7739072.794,0.0,15.0,0.0,0.0,2.0,0.0,5.0
59,59,59,65682,SOCIETE_000060,0000060E,-,-,CONSTRUCTION,TRAVAUX D INSTALLATION ÉLECTRIQUE,-,MORALE,-,-,-,-,-,-,,1.0,['RISQUES DIVERS'],['RESPONSABILITE CIVILE'],1350,0.0,0.0,0.0,0.0,1.0,0.0,0.0
60,60,60,67864,SOCIETE_000061,0000061F,-,-,COMMERCE DE GROS ET INTERMÉDIAIRES DU COMMERCE,AUTRES INTERMÉDIAIRES SPÉCIALISÉS DU COMMERCE,-,MORALE,-,-,-,-,-,-,,0.0,[],[],0,0.0,,,,0.0,0.0,0.0
61,61,61,67868,SOCIETE_000062,0000062Y,-,-,COMMERCE DE GROS ET INTERMÉDIAIRES DU COMMERCE,AUTRES INTERMÉDIAIRES SPÉCIALISÉS DU COMMERCE,-,MORALE,-,-,-,-,-,-,,1.0,['RISQUES DIVERS'],['INDIVIDUELLE ACCIDENTS'],36.32,0.0,0.0,0.0,0.0,1.0,0.0,0.0
62,62,62,67871,SOCIETE_000063,0000063R,-,-,COMMERCE DE GROS ET INTERMÉDIAIRES DU COMMERCE,INTERMÉDIAIRES NON SPÉCIALISÉS DU COMMERCE,-,MORALE,-,-,-,-,-,-,,0.0,[],[],0,0.0,,,,0.0,0.0,0.0
63,63,63,67873,SOCIETE_000064,0000064F,-,-,COMMERCE DE GROS ET INTERMÉDIAIRES DU COMMERCE,INTERMÉDIAIRES NON SPÉCIALISÉS DU COMMERCE,-,MORALE,-,-,-,-,-,-,,1.0,['RISQUES DIVERS'],['INDIVIDUELLE ACCIDENTS'],36.32,0.0,1.0,0.0,0.0,0.0,0.0,0.0
64,64,64,67877,SOCIETE_000065,0000065W,-,-,ACTIVITES IARD TARIFIABLES,ELECTRICITE (COMMERCE D ARTICLES D ECLAIRAGE),-,MORALE,-,-,-,-,-,-,,1.0,['RISQUES DIVERS'],['INDIVIDUELLE ACCIDENTS'],37.2,0.0,1.0,0.0,0.0,0.0,0.0,0.0
65,65,65,66774,SOCIETE_000066,0000066J,-,-,"ACTIVITÉS RÉCRÉATIVES, CULTURELLES ET SPORTIVES",AUTRES ACTIVITÉS RÉCRÉATIVES,-,MORALE,-,-,-,-,-,-,,0.0,[],[],0,0.0,,,,0.0,0.0,0.0
66,66,66,67458,SOCIETE_000067,0000067P,-,-,SERVICES FOURNIS PRINCIPALEMENT AUX ENTREPRISES,ADMINISTRATION D ENTREPRISES,-,MORALE,-,-,-,-,-,-,,1.0,['INCENDIE'],['MULTIRISQUES PROFESSIONNELLES CENTRALISE'],1158,0.0,0.0,0.0,0.0,1.0,0.0,0.0
67,67,67,67554,SOCIETE_000068,0000068T,-,-,ACTIVITÉS INFORMATIQUES,RÉALISATION DE LOGICIELS,-,MORALE,-,-,-,-,-,-,,1.0,['INCENDIE'],['MULTIRISQUES PROFESSIONNELLES CENTRALISE'],1200,0.0,0.0,0.0,0.0,1.0,0.0,0.0
68,68,68,69412,SOCIETE_000069,0000069G,-,-,ACTIVITES IARD TARIFIABLES,HYGIENE (ETABLISSEMENT DE BAIN DOUCHE HAMMAM SAUNA),-,MORALE,-,-,-,-,-,-,,1.0,['RISQUES DIVERS'],['RESPONSABILITE CIVILE'],2250,0.0,0.0,0.0,0.0,1.0,0.0,0.0
69,69,69,70303,SOCIETE_000070,0000070U,-,-,ACTIVITES IARD TARIFIABLES,"IMPRIMERIE, TYPOGRAPHIES ET OFFSET",-,MORALE,-,-,-,-,-,-,,1.0,['INCENDIE'],['MULTIRISQUES PROFESSIONNELLES CENTRALISE'],5040,0.0,0.0,0.0,0.0,1.0,0.0,0.0
70,70,70,71590,SOCIETE_000071,0000071B,EL OUARDIA,-,TRAVAIL DES MÉTAUX,MÉCANIQUE GÉNÉRALE,EL OUARDIA -,MORALE,-,-,-,-,-,-,,3.0,"['RISQUES DIVERS', 'INCENDIE', 'AUTOMOBILE']","['AUTOMOBILE II', 'INDIVIDUELLE ACCIDENTS', 'MULTIRISQUES PROFESSIONNELLES CENTRALISE']",30753509000.452,1.0,0.0,0.0,0.0,2.0,0.0,2.0
71,71,71,71860,SOCIETE_000072,0000072S,-,-,CONSTRUCTION,TRAVAUX DE MAÇONNERIE GÉNÉRALE,-,MORALE,-,-,-,-,-,-,,2.0,"['ENGINEERING', 'RISQUES DIVERS']","['RC ENTREPRISE DE BATIMENT ET TRAVAUX PUBLIC', 'TOUS RISQUES CHANTIER']",500850.341,0.0,2.0,0.0,0.0,0.0,0.0,0.0
72,72,72,72502,SOCIETE_000073,0000073A,-,-,INDUSTRIE TEXTILE,FABRICATION D AUTRES ARTICLES CONFECTIONNÉS EN TEXTILE,-,MORALE,-,-,-,-,-,-,,1.0,['INCENDIE'],['MULTIRISQUES PROFESSIONNELLES CENTRALISE'],16313.6,0.0,0.0,0.0,0.0,1.0,0.0,0.0
73,73,73,73417,SOCIETE_000074,0000074C,-,-,ACTIVITES IARD TARIFIABLES,"AGENCE ( DE VOYAGE,ASSURANCE,IMMOBILIERE)",-,MORALE,-,-,-,-,-,-,,1.0,['INCENDIE'],['MULTIRISQUES PROFESSIONNELLES CENTRALISE'],436.388,0.0,0.0,0.0,0.0,1.0,0.0,1.0
74,74,74,73517,SOCIETE_000075,0000075O,-,-,FABRICATION D AUTRES MATÉRIELS DE TRANSPORT,CONSTRUCTION DE MOTEURS POUR AÉRONEFS,-,MORALE,-,-,-,-,-,-,,1.0,['INCENDIE'],['MULTIRISQUES PROFESSIONNELLES CENTRALISE'],26509.515,0.0,0.0,0.0,0.0,1.0,0.0,0.0
75,75,75,73775,SOCIETE_000076,0000076W,-,-,INTERMÉDIATION FINANCIÈRE,BANQUE CENTRALE,-,MORALE,-,-,-,-,-,-,,4.0,"['RISQUES DIVERS', 'INCENDIE', 'AUTOMOBILE', 'GROUPE-MALADIE']","['AUTOMOBILE II', 'SANTE ET PREVOYANCE', 'INDIVIDUELLE ACCIDENTS', 'MULTIRISQUES PROFESSIONNELLES CENTRALISE']",4414816.19249850225.3932542955103005.595,1.0,0.0,0.0,0.0,3.0,0.0,36.0
76,76,76,73776,SOCIETE_000077,0000077Q,,-,INTERMÉDIATION FINANCIÈRE,BANQUE CENTRALE,-,MORALE,-,-,-,-,-,-,,0.0,[],[],0,0.0,,,,0.0,0.0,0.0
77,77,77,73777,SOCIETE_000078,0000078D,BORJ LOUZIR ARIANA,-,INTERMÉDIATION FINANCIÈRE,BANQUES,BORJ LOUZIR ARIANA -,MORALE,-,-,-,-,-,-,,2.0,['AUTOMOBILE'],['AUTOMOBILE'],364.78962.64,0.0,1.0,0.0,0.0,1.0,0.0,4.0
78,78,78,73781,SOCIETE_000079,0000079D,BEN AROUS,-,INTERMÉDIATION FINANCIÈRE,BANQUES,BEN AROUS -,MORALE,-,-,-,-,-,-,,0.0,[],[],0,0.0,,,,0.0,0.0,0.0
79,79,79,73782,SOCIETE_000080,0000080K,-,-,INTERMÉDIATION FINANCIÈRE,BANQUES,-,MORALE,-,-,-,-,-,-,,0.0,[],[],0,0.0,,,,0.0,0.0,0.0
80,80,80,74370,SOCIETE_000081,0000081P,-,-,ACTIVITES IARD TARIFIABLES,"ECOLES, COLLEGES, CENTRE DE FORMATION",-,MORALE,-,-,-,-,-,-,,1.0,['RISQUES DIVERS'],['R.C GARDERIE ET JARDIN D ENFANTS'],1085.688,0.0,0.0,0.0,0.0,1.0,0.0,0.0
81,81,81,73779,SOCIETE_000082,0000082J,EL AAGBA,-,INTERMÉDIATION FINANCIÈRE,BANQUES,EL AAGBA -,MORALE,-,-,-,-,-,-,,0.0,[],[],0,0.0,,,,0.0,0.0,0.0
82,82,82,77413,SOCIETE_000083,0000083L,-,-,"ACTIVITÉS RÉCRÉATIVES, CULTURELLES ET SPORTIVES",AUTRES ACTIVITÉS SPORTIVES,-,MORALE,-,-,-,-,-,-,,1.0,['RISQUES DIVERS'],['RESPONSABILITE CIVILE'],2300,0.0,1.0,0.0,0.0,0.0,0.0,2.0
83,83,83,77635,SOCIETE_000084,0000084J,-,-,HÔTELS ET RESTAURANTS,HÔTELS AVEC RESTAURANT,-,MORALE,-,-,-,-,-,-,,0.0,[],[],0,0.0,,,,0.0,0.0,0.0
84,84,84,88848,SOCIETE_000085,0000085Y,-,-,ACTIVITES IARD TARIFIABLES,SALLE DE SPECTACLE OU DE FETE,-,MORALE,-,-,-,-,-,-,,0.0,[],[],0,0.0,,,,0.0,0.0,0.0
85,85,85,90353,SOCIETE_000086,0000086M,,-,AGENCES ET BUREAUX,AGENCES ET BUREAUX,-,MORALE,-,-,-,-,-,-,,1.0,['AUTOMOBILE'],['AUTOMOBILE'],1502.19,0.0,0.0,0.0,0.0,1.0,0.0,0.0
86,86,86,90425,SOCIETE_000087,0000087M,-,-,HÔTELS ET RESTAURANTS,CAFÉS TABACS,-,MORALE,-,-,-,-,-,-,,1.0,['INCENDIE'],['MULTIRISQUES PROFESSIONNELLES CENTRALISE'],3476.5,1.0,0.0,0.0,0.0,0.0,0.0,1.0
87,87,87,91783,SOCIETE_000088,0000088Y,-,-,ACTIVITES IARD TARIFIABLES,BOULANGERIE AVEC FOURS AU FUEL (SANS FABRICATION DE BISCUITS ET DE GATEAUX SECS),-,MORALE,-,-,-,-,-,-,,2.0,['INCENDIE'],['MULTIRISQUES PROFESSIONNELLES CENTRALISE'],1234.82768.4,0.0,0.0,0.0,0.0,2.0,0.0,0.0
88,88,88,97423,SOCIETE_000089,0000089W,-,-,AGENCES ET BUREAUX,AGENCES ET BUREAUX,-,MORALE,-,-,-,-,-,-,,0.0,[],[],0,0.0,,,,0.0,0.0,0.0
89,89,89,98018,SOCIETE_000090,0000090G,-,-,INDUSTRIE,-,-,MORALE,-,-,-,-,-,-,,0.0,[],[],0,0.0,,,,0.0,0.0,0.0
90,90,90,98358,SOCIETE_000091,0000091F,-,-,ACTIVITES IARD TARIFIABLES,ELECTRICIENS (REPARATION ET VENTE DE FOURNITURES POUR INSTALLATIONS ELECTRIQUE A L EXEPTION DU MATERIEL TRAITE SOUS LA RUBRIQUE -RADIO TV- ),-,MORALE,-,-,-,-,-,-,,2.0,"['ENGINEERING', 'RISQUES DIVERS']","['RC ENTRPRISES INDUSTRIELLES', 'TOUS RISQUES CHANTIER']",2001259.004,0.0,2.0,0.0,0.0,0.0,0.0,0.0
91,91,91,95224,SOCIETE_000092,0000092W,-,-,AUCUN,NON DEFINI,-,MORALE,-,-,-,-,-,-,,2.0,['AUTOMOBILE'],['AUTOMOBILE'],1361.3875628.6719,0.0,0.0,0.0,0.0,2.0,0.0,5.0
92,92,92,96048,SOCIETE_000093,0000093R,-,-,COMMERCE DE GROS ET INTERMÉDIAIRES DU COMMERCE,COMMERCE DE GROS DE FOURNITURES ET ÉQUIPEMENTS INDUSTRIELS DIVERS,-,MORALE,-,-,-,-,-,-,,3.0,"['TRANSPORT', 'AUTOMOBILE']","['POLICE ABONNEMENT(FACULTE MARITIME)', 'AUTOMOBILE']",-6446.5111801.578,1.0,0.0,0.0,0.0,2.0,0.0,6.0
93,93,93,99601,SOCIETE_000094,0000094B,-,-,ÉDUCATION,AUTRES ENSEIGNEMENTS,-,MORALE,-,-,-,-,-,-,,1.0,['RISQUES DIVERS'],['R.C GARDERIE ET JARDIN D ENFANTS'],1800,0.0,0.0,0.0,0.0,1.0,0.0,0.0
94,94,94,100367,SOCIETE_000095,0000095Y,-,-,COMMERCE DE GROS ET INTERMÉDIAIRES DU COMMERCE,AGRICULTEURS,-,MORALE,-,-,-,-,-,-,,0.0,[],[],0,0.0,,,,0.0,0.0,0.0
95,95,95,100843,SOCIETE_000096,0000096E,-,-,AUTRES INDUSTRIES EXTRACTIVES,EXTRACTION DE PIERRES POUR LA CONSTRUCTION,-,MORALE,-,-,-,-,-,-,,1.0,['AUTOMOBILE'],['AUTOMOBILE'],15446.10855,0.0,0.0,0.0,0.0,1.0,0.0,1.0
96,96,96,103147,SOCIETE_000097,0000097U,-,-,SERVICES AUXILIAIRES DES TRANSPORTS,"SERVICES PORTUAIRES, MARITIMES ET FLUVIAUX",-,MORALE,-,-,-,-,-,-,,22.0,"['RISQUES DIVERS', 'INCENDIE', 'AUTOMOBILE']","['OMNICANAL AUTOMOBILE PACK2', 'OMNICANAL AUTOMOBILE PACK PERSONALISE', 'RESPONSABILITE CIVILE', 'AUTOMOBILE', 'AUTOMOBILE II', 'INCENDIE RISQUES SIMPLE CENTRALISE']",390.21000649.2056968.58555645.49252822.511379.0495239.876954.0361298129816003.622778.9241755.3286005619.7818704361.344919.74212002261.65054104.3884,0.0,4.0,0.0,0.0,18.0,0.0,15.0
97,97,97,105430,SOCIETE_000098,0000098O,HAMMAM SOUSSE,-,ACTIVITÉS IMMOBILIÈRES,PROMOTION IMMOBILIÈRE DE LOGEMENTS,HAMMAM SOUSSE -,MORALE,-,-,-,-,-,-,,4.0,"['INCENDIE', 'AUTOMOBILE']","['AUTOMOBILE', 'MULTIRISQUES PROFESSIONNELLES CENTRALISE']",156.0045943.5271372.42534,0.0,1.0,0.0,0.0,3.0,0.0,2.0
98,98,98,107750,SOCIETE_000099,0000099D,-,-,COMMERCE DE GROS ET INTERMÉDIAIRES DU COMMERCE,AUTRES INTERMÉDIAIRES SPÉCIALISÉS DU COMMERCE,-,MORALE,-,-,-,-,-,-,,12.0,"['INCENDIE', 'AUTOMOBILE']","['AUTOMOBILE II', 'AUTOMOBILE', 'MULTIRISQUES PROFESSIONNELLES CENTRALISE']",3320.9763266.9223446.3953266.9223353.3463685.4222281.5123615.71383120.803881022.1238192.685293363.45095,2.0,0.0,0.0,0.0,10.0,0.0,73.0
99,99,99,112009,SOCIETE_000100,0000100T,-,-,SERVICES PERSONNELS,AUTRES SERVICES PERSONNELS,-,MORALE,-,-,-,-,-,-,,3.0,['AUTOMOBILE'],['AUTOMOBILE'],1156.13487.243998.6,2.0,0.0,0.0,0.0,1.0,0.0,2.0
